Index,Name,Rarity,Cost,Stars,MaxStars,Value,TierGroup,Synergies,AltForm
0004,CHARMANDER,COMMON,1,1,3,1.0,I,DRAGON/FIRE,false
0007,SQUIRTLE,COMMON,1,1,3,1.0,I,WATER/FIELD,false
0010,CATERPIE,COMMON,1,1,3,1.0,I,BUG/AMORPHOUS,false
0013,WEEDLE,COMMON,1,1,3,1.0,I,BUG/POISON,false
0041,ZUBAT,COMMON,1,1,3,1.0,I,POISON/FLYING/SOUND,false
0060,POLIWAG,COMMON,1,1,3,1.0,I,WATER/AQUATIC/FIGHTING,false
0074,GEODUDE,COMMON,1,1,3,1.0,I,GROUND/ROCK,false
0172,PICHU,COMMON,1,1,3,1.0,I,ELECTRIC/FAIRY/BABY,false
0179,MAREEP,COMMON,1,1,3,1.0,I,ELECTRIC/FIELD/LIGHT,false
0220,SWINUB,COMMON,1,1,3,1.0,I,GROUND/ICE,false
0298,AZURILL,COMMON,1,1,3,1.0,I,WATER/FAIRY/BABY,false
0304,ARON,COMMON,1,1,3,1.0,I,STEEL/MONSTER/ROCK,false
0506,LILLIPUP,COMMON,1,1,3,1.0,I,NORMAL/FIELD,false
0599,KLINK,COMMON,1,1,3,1.0,I,STEEL/ARTIFICIAL,false
0607,LITWICK,COMMON,1,1,3,1.0,I,GHOST/FIRE/LIGHT,false
0650,CHESPIN,COMMON,1,1,3,1.0,I,GRASS/FIGHTING,false
0653,FENNEKIN,COMMON,1,1,3,1.0,I,FIRE/PSYCHIC/HUMAN,false
0704,GOOMY,COMMON,1,1,3,1.0,I,DRAGON/AQUATIC/AMORPHOUS,false
0906,SPRIGATITO,COMMON,1,1,3,1.0,I,GRASS/FLORA/DARK,false
0928,SMOLIV,COMMON,1,1,3,1.0,I,GRASS/NORMAL/GOURMET,false
0019,RATTATA,COMMON,1,1,2,1.5,I,WILD/NORMAL,false
0021,SPEAROW,COMMON,1,1,2,1.5,I,WILD/FLYING,false
0032,NIDORANM,UNCOMMON,2,1,3,2.0,I,POISON/FIELD/GROUND,false
0066,MACHOP,UNCOMMON,2,1,3,2.0,I,FIGHTING/HUMAN,false
0081,MAGNEMITE,UNCOMMON,2,1,3,2.0,I,ELECTRIC/STEEL,false
0116,HORSEA,UNCOMMON,2,1,3,2.0,I,DRAGON/WATER,false
0155,CYNDAQUIL,UNCOMMON,2,1,3,2.0,I,FIRE/FIELD,false
0174,IGGLYBUFF,UNCOMMON,2,1,3,2.0,I,NORMAL/FAIRY/BABY,false
0252,TREECKO,UNCOMMON,2,1,3,2.0,I,GRASS/MONSTER,false
0355,DUSKULL,UNCOMMON,2,1,3,2.0,I,DARK/GHOST,false
0363,SPHEAL,UNCOMMON,2,1,3,2.0,I,AQUATIC/ICE,false
0393,PIPLUP,UNCOMMON,2,1,3,2.0,I,WATER/ICE/STEEL,false
0540,SEWADDLE,UNCOMMON,2,1,3,2.0,I,GRASS/BUG,false
0669,FLABEBE,UNCOMMON,2,1,3,2.0,I,FAIRY/FLORA,false
0669-0001,FLABEBE_YELLOW,UNCOMMON,2,1,3,2.0,I,FAIRY/FLORA,true
0669-0002,FLABEBE_ORANGE,UNCOMMON,2,1,3,2.0,I,FAIRY/FLORA,true
0669-0003,FLABEBE_BLUE,UNCOMMON,2,1,3,2.0,I,FAIRY/FLORA,true
0669-0004,FLABEBE_WHITE,UNCOMMON,2,1,3,2.0,I,FAIRY/FLORA,true
0856,HATENNA,UNCOMMON,2,1,3,2.0,I,FAIRY/PSYCHIC,false
0912,QUAXLY,UNCOMMON,2,1,3,2.0,I,AQUATIC/FIGHTING/FLYING,false
0932,NACLI,UNCOMMON,2,1,3,2.0,I,ROCK/GOURMET,false
0005,CHARMELEON,COMMON,1,2,3,2.5,II,DRAGON/FIRE,false
0008,WARTORTLE,COMMON,1,2,3,2.5,II,WATER/FIELD,false
0011,METAPOD,COMMON,1,2,3,2.5,II,BUG/AMORPHOUS,false
0014,KAKUNA,COMMON,1,2,3,2.5,II,BUG/POISON,false
0025,PIKACHU,COMMON,1,2,3,2.5,II,ELECTRIC/FAIRY,false
0042,GOLBAT,COMMON,1,2,3,2.5,II,POISON/FLYING/SOUND,false
0061,POLIWHIRL,COMMON,1,2,3,2.5,II,WATER/AQUATIC/FIGHTING,false
0075,GRAVELER,COMMON,1,2,3,2.5,II,GROUND/ROCK,false
0180,FLAFFY,COMMON,1,2,3,2.5,II,ELECTRIC/FIELD/LIGHT,false
0183,MARILL,COMMON,1,2,3,2.5,II,WATER/FAIRY,false
0221,PILOSWINE,COMMON,1,2,3,2.5,II,GROUND/ICE,false
0305,LAIRON,COMMON,1,2,3,2.5,II,STEEL/MONSTER/ROCK,false
0507,HERDIER,COMMON,1,2,3,2.5,II,NORMAL/FIELD,false
0600,KLANG,COMMON,1,2,3,2.5,II,STEEL/ARTIFICIAL,false
0608,LAMPENT,COMMON,1,2,3,2.5,II,GHOST/FIRE/LIGHT,false
0651,QUILLADIN,COMMON,1,2,3,2.5,II,GRASS/FIGHTING,false
0654,BRAIXEN,COMMON,1,2,3,2.5,II,FIRE/PSYCHIC/HUMAN,false
0705,SLIGOO,COMMON,1,2,3,2.5,II,DRAGON/AQUATIC/AMORPHOUS,false
0907,FLORAGATO,COMMON,1,2,3,2.5,II,GRASS/FLORA/DARK,false
0929,DOLLIV,COMMON,1,2,3,2.5,II,GRASS/NORMAL/GOURMET,false
0001,BULBASAUR,RARE,3,1,3,3.0,II,GRASS/POISON/FLORA,false
0063,ABRA,RARE,3,1,3,3.0,II,PSYCHIC/HUMAN,false
0108,LICKITUNG,UNCOMMON,2,1,2,3.0,II,WILD/NORMAL/GOURMET,false
0158,TOTODILE,RARE,3,1,3,3.0,II,WATER/MONSTER/AQUATIC,false
0167,SPINARAK,UNCOMMON,2,1,2,3.0,II,WILD/BUG/POISON,false
0175,TOGEPI,RARE,3,1,3,3.0,II,FAIRY/NORMAL/BABY,false
0190,AIPOM,UNCOMMON,2,1,2,3.0,II,WILD/NORMAL,false
0240,MAGBY,RARE,3,1,3,3.0,II,FIRE/HUMAN/BABY,false
0246,LARVITAR,RARE,3,1,3,3.0,II,DARK/MONSTER/ROCK,false
0255,TORCHIC,RARE,3,1,3,3.0,II,FIRE/FIGHTING/FLYING,false
0293,WHISMUR,RARE,3,1,3,3.0,II,NORMAL/SOUND,false
0328,TRAPINCH,RARE,3,1,3,3.0,II,BUG/GROUND,false
0387,TURTWIG,RARE,3,1,3,3.0,II,GRASS/GROUND/MONSTER,false
0582,VANILLITE,RARE,3,1,3,3.0,II,ICE/AMORPHOUS/GOURMET,false
0633,DEINO,RARE,3,1,3,3.0,II,DRAGON/DARK,false
0677,ESPURR,UNCOMMON,2,1,2,3.0,II,WILD/PSYCHIC/FIELD,false
0679,HONEDGE,RARE,3,1,3,3.0,II,GHOST/STEEL/ARTIFICIAL,false
0921,PAWMI,RARE,3,1,3,3.0,II,ELECTRIC/FIGHTING,false
0020,RATICATE,COMMON,1,2,2,3.75,II,WILD/NORMAL,false
0022,FEAROW,COMMON,1,2,2,3.75,II,WILD/FLYING,false
0056,MANKEY,EPIC,4,1,3,4.0,II,WILD/FIGHTING,false
0147,DRATINI,EPIC,4,1,3,4.0,II,DRAGON/FLYING/AQUATIC,false
0239,ELEKID,EPIC,4,1,3,4.0,II,ELECTRIC/ARTIFICIAL/BABY,false
0265,WURMPLE,EPIC,4,1,3,4.0,II,BUG,false
0280,RALTS,EPIC,4,1,3,4.0,II,PSYCHIC/FAIRY/HUMAN,false
0361,SNORUNT,EPIC,4,1,3,4.0,II,GHOST/ICE,false
0374,BELDUM,EPIC,4,1,3,4.0,II,PSYCHIC/STEEL/ARTIFICIAL,false
0406,BUDEW,EPIC,4,1,3,4.0,II,GRASS/POISON/BABY,false
0443,GIBLE,EPIC,4,1,3,4.0,II,DRAGON/GROUND/MONSTER,false
0501,OSHAWOTT,EPIC,4,1,3,4.0,II,WATER/FIELD/FIGHTING,false
0524,ROGGENROLA,EPIC,4,1,3,4.0,II,ROCK/LIGHT,false
0725,LITTEN,EPIC,4,1,3,4.0,II,FIRE/DARK/FIELD,false
0761,BOUNSWEET,EPIC,4,1,3,4.0,II,GRASS/FIGHTING/GOURMET,false
0909,FUECOCO,EPIC,4,1,3,4.0,II,FIRE/SOUND/GHOST,false
0957,TINKATINK,EPIC,4,1,3,4.0,II,STEEL/FAIRY,false
0231,PHANPY,RARE,3,1,2,4.5,II,WILD/GROUND/BABY,false
0261,POOCHYENA,RARE,3,1,2,4.5,II,WILD/DARK,false
0263,ZIGZAGOON,RARE,3,1,2,4.5,II,WILD/FIELD,false
0276,TAILLOW,RARE,3,1,2,4.5,II,WILD/FLYING,false
0033,NIDORINO,UNCOMMON,2,2,3,5.0,III,POISON/FIELD/GROUND,false
0039,JIGGLYPUFF,UNCOMMON,2,2,3,5.0,III,NORMAL/FAIRY/SOUND,false
0067,MACHOKE,UNCOMMON,2,2,3,5.0,III,FIGHTING/HUMAN,false
0082,MAGNETON,UNCOMMON,2,2,3,5.0,III,ELECTRIC/STEEL,false
0092,GASTLY,ULTRA,5,1,3,5.0,III,GHOST/POISON/AMORPHOUS,false
0111,RHYHORN,ULTRA,5,1,3,5.0,III,GROUND/MONSTER/ROCK,false
0117,SEADRA,UNCOMMON,2,2,3,5.0,III,DRAGON/WATER,false
0137,PORYGON,ULTRA,5,1,3,5.0,III,NORMAL/ARTIFICIAL,false
0156,QUILAVA,UNCOMMON,2,2,3,5.0,III,FIRE/FIELD,false
0216,TEDDIURSA,ULTRA,5,1,3,5.0,III,WILD/GROUND,false
0253,GROVYLE,UNCOMMON,2,2,3,5.0,III,GRASS/MONSTER,false
0356,DUSCLOPS,UNCOMMON,2,2,3,5.0,III,DARK/GHOST,false
0364,SEALEO,UNCOMMON,2,2,3,5.0,III,AQUATIC/ICE,false
0394,PRINPLUP,UNCOMMON,2,2,3,5.0,III,WATER/ICE/STEEL,false
0403,SHINX,ULTRA,5,1,3,5.0,III,ELECTRIC/FIELD/LIGHT,false
0440,HAPPINY,ULTRA,5,1,3,5.0,III,NORMAL/FAIRY/BABY,false
0532,TIMBURR,ULTRA,5,1,3,5.0,III,FIGHTING/HUMAN,false
0541,SWADLOON,UNCOMMON,2,2,3,5.0,III,GRASS/BUG,false
0543,VENIPEDE,ULTRA,5,1,3,5.0,III,BUG/POISON/FIELD,false
0577,SOLOSIS,ULTRA,5,1,3,5.0,III,PSYCHIC/AMORPHOUS,false
0624,PAWNIARD,ULTRA,5,1,3,5.0,III,DARK/STEEL,false
0661,FLETCHLING,ULTRA,5,1,3,5.0,III,FLYING/FIRE,false
0670,FLOETTE,UNCOMMON,2,2,3,5.0,III,FAIRY/FLORA,false
0670-0001,FLOETTE_YELLOW,UNCOMMON,2,2,3,5.0,III,FAIRY/FLORA,true
0670-0002,FLOETTE_ORANGE,UNCOMMON,2,2,3,5.0,III,FAIRY/FLORA,true
0670-0003,FLOETTE_BLUE,UNCOMMON,2,2,3,5.0,III,FAIRY/FLORA,true
0670-0004,FLOETTE_WHITE,UNCOMMON,2,2,3,5.0,III,FAIRY/FLORA,true
0810,GROOKEY,ULTRA,5,1,3,5.0,III,SOUND/GRASS,false
0816,SOBBLE,ULTRA,5,1,3,5.0,III,WATER/AQUATIC,false
0857,HATTREM,UNCOMMON,2,2,3,5.0,III,FAIRY/PSYCHIC,false
0913,QUAXWELL,UNCOMMON,2,2,3,5.0,III,AQUATIC/FIGHTING/FLYING,false
0933,NACLSTACK,UNCOMMON,2,2,3,5.0,III,ROCK/GOURMET,false
0996,FRIGIBAX,ULTRA,5,1,3,5.0,III,DRAGON/ICE,false
0554,DARUMAKA,EPIC,4,1,2,6.0,III,WILD/FIRE/PSYCHIC,false
0744,ROCKRUFF,EPIC,4,1,2,6.0,III,WILD/ROCK,false
0006,CHARIZARD,COMMON,1,3,3,6.25,III,DRAGON/FIRE/FLYING,false
0009,BLASTOISE,COMMON,1,3,3,6.25,III,WATER/FIELD,false
0012,BUTTERFREE,COMMON,1,3,3,6.25,III,BUG/FLYING/AMORPHOUS,false
0015,BEEDRILL,COMMON,1,3,3,6.25,III,BUG/POISON/FLYING,false
0026,RAICHU,COMMON,1,3,3,6.25,III,ELECTRIC/FAIRY,false
0062,POLIWRATH,COMMON,1,3,3,6.25,III,WATER/AQUATIC/FIGHTING,false
0076,GOLEM,COMMON,1,3,3,6.25,III,GROUND/ROCK,false
0169,CROBAT,COMMON,1,3,3,6.25,III,POISON/FLYING/SOUND,false
0181,AMPHAROS,COMMON,1,3,3,6.25,III,ELECTRIC/FIELD/LIGHT,false
0184,AZUMARILL,COMMON,1,3,3,6.25,III,WATER/FAIRY,false
0186,POLITOED,COMMON,1,3,3,6.25,III,WATER/AQUATIC/SOUND,false
0306,AGGRON,COMMON,1,3,3,6.25,III,STEEL/MONSTER/ROCK,false
0473,MAMOSWINE,COMMON,1,3,3,6.25,III,GROUND/ICE,false
0508,STOUTLAND,COMMON,1,3,3,6.25,III,NORMAL/FIELD,false
0601,KLINKLANG,COMMON,1,3,3,6.25,III,STEEL/ARTIFICIAL,false
0609,CHANDELURE,COMMON,1,3,3,6.25,III,GHOST/FIRE/LIGHT,false
0652,CHESNAUGHT,COMMON,1,3,3,6.25,III,GRASS/FIGHTING,false
0655,DELPHOX,COMMON,1,3,3,6.25,III,FIRE/PSYCHIC/HUMAN,false
0706,GOODRA,COMMON,1,3,3,6.25,III,DRAGON/AQUATIC/AMORPHOUS,false
0908,MEOWSCARADA,COMMON,1,3,3,6.25,III,GRASS/FLORA/DARK,false
0930,ARBOLIVA,COMMON,1,3,3,6.25,III,GRASS/NORMAL/GOURMET,false
0002,IVYSAUR,RARE,3,2,3,7.5,IV,GRASS/POISON/FLORA,false
0064,KADABRA,RARE,3,2,3,7.5,IV,PSYCHIC/HUMAN,false
0126,MAGMAR,RARE,3,2,3,7.5,IV,FIRE/HUMAN,false
0159,CROCONAW,RARE,3,2,3,7.5,IV,WATER/MONSTER/AQUATIC,false
0168,ARIADOS,UNCOMMON,2,2,2,7.5,IV,WILD/BUG/POISON,false
0176,TOGETIC,RARE,3,2,3,7.5,IV,FAIRY/NORMAL/FLYING,false
0247,PUPITAR,RARE,3,2,3,7.5,IV,DARK/MONSTER/ROCK,false
0256,COMBUSKEN,RARE,3,2,3,7.5,IV,FIRE/FIGHTING/FLYING,false
0294,LOUDRED,RARE,3,2,3,7.5,IV,NORMAL/SOUND,false
0329,VIBRAVA,RARE,3,2,3,7.5,IV,DRAGON/BUG/GROUND,false
0388,GROTLE,RARE,3,2,3,7.5,IV,GRASS/GROUND/MONSTER,false
0424,AMBIPOM,UNCOMMON,2,2,2,7.5,IV,WILD/NORMAL,false
0463,LICKILICKY,UNCOMMON,2,2,2,7.5,IV,WILD/NORMAL/GOURMET,false
0583,VANILLISH,RARE,3,2,3,7.5,IV,ICE/AMORPHOUS/GOURMET,false
0634,ZWEILOUS,RARE,3,2,3,7.5,IV,DRAGON/DARK,false
0678,MEOWSTIC_MALE,UNCOMMON,2,2,2,7.5,IV,WILD/PSYCHIC/FIELD,false
0678-0000-0000-0002,MEOWSTIC_FEMALE,UNCOMMON,2,2,2,7.5,IV,WILD/FIELD/PSYCHIC,false
0680,DOUBLADE,RARE,3,2,3,7.5,IV,GHOST/STEEL/ARTIFICIAL,false
0922,PAWMO,RARE,3,2,3,7.5,IV,ELECTRIC/FIGHTING,false
0057,PRIMEAPE,EPIC,4,2,3,10.0,IV,WILD/FIGHTING,false
0125,ELECTABUZZ,EPIC,4,2,3,10.0,IV,ELECTRIC/ARTIFICIAL/HUMAN,false
0148,DRAGONAIR,EPIC,4,2,3,10.0,IV,DRAGON/FLYING/AQUATIC,false
0266,SILCOON,EPIC,4,2,3,10.0,IV,BUG/NORMAL,false
0281,KIRLIA,EPIC,4,2,3,10.0,IV,PSYCHIC/FAIRY/HUMAN,false
0315,ROSELIA,EPIC,4,2,3,10.0,IV,GRASS/POISON/FLORA,false
0362,GLALIE,EPIC,4,2,3,10.0,IV,GHOST/ICE,false
0375,METANG,EPIC,4,2,3,10.0,IV,PSYCHIC/STEEL/ARTIFICIAL,false
0444,GABITE,EPIC,4,2,3,10.0,IV,DRAGON/GROUND/MONSTER,false
0502,DEWOTT,EPIC,4,2,3,10.0,IV,WATER/FIELD/FIGHTING,false
0525,BOLDORE,EPIC,4,2,3,10.0,IV,ROCK/LIGHT,false
0726,TORRACAT,EPIC,4,2,3,10.0,IV,FIRE/DARK/FIELD,false
0762,STEENEE,EPIC,4,2,3,10.0,IV,GRASS/FIGHTING/GOURMET,false
0910,CROCALOR,EPIC,4,2,3,10.0,IV,FIRE/SOUND/GHOST,false
0958,TINKATUFF,EPIC,4,2,3,10.0,IV,STEEL/FAIRY,false
0232,DONPHAN,RARE,3,2,2,11.25,IV,WILD/GROUND,false
0262,MIGHTYENA,RARE,3,2,2,11.25,IV,WILD/DARK,false
0264,LINOONE,RARE,3,2,2,11.25,IV,WILD/FIELD,false
0277,SWELLOW,RARE,3,2,2,11.25,IV,WILD/FLYING,false
0034,NIDOKING,UNCOMMON,2,3,3,12.5,IV,POISON/FIELD/GROUND,false
0040,WIGGLYTUFF,UNCOMMON,2,3,3,12.5,IV,NORMAL/FAIRY/SOUND,false
0068,MACHAMP,UNCOMMON,2,3,3,12.5,IV,FIGHTING/HUMAN,false
0093,HAUNTER,ULTRA,5,2,3,12.5,IV,GHOST/POISON/AMORPHOUS,false
0112,RHYDON,ULTRA,5,2,3,12.5,IV,GROUND/MONSTER/ROCK,false
0113,CHANSEY,ULTRA,5,2,3,12.5,IV,NORMAL/FAIRY/GOURMET,false
0157,TYPHLOSION,UNCOMMON,2,3,3,12.5,IV,FIRE/FIELD,false
0217,URSARING,ULTRA,5,2,3,12.5,IV,WILD/GROUND,false
0230,KINGDRA,UNCOMMON,2,3,3,12.5,IV,DRAGON/WATER,false
0233,PORYGON_2,ULTRA,5,2,3,12.5,IV,NORMAL/ARTIFICIAL,false
0254,SCEPTILE,UNCOMMON,2,3,3,12.5,IV,GRASS/MONSTER,false
0365,WALREIN,UNCOMMON,2,3,3,12.5,IV,AQUATIC/ICE,false
0395,EMPOLEON,UNCOMMON,2,3,3,12.5,IV,WATER/ICE/STEEL,false
0404,LUXIO,ULTRA,5,2,3,12.5,IV,ELECTRIC/FIELD/LIGHT,false
0462,MAGNEZONE,UNCOMMON,2,3,3,12.5,IV,ELECTRIC/STEEL,false
0477,DUSKNOIR,UNCOMMON,2,3,3,12.5,IV,DARK/GHOST,false
0533,GURDURR,ULTRA,5,2,3,12.5,IV,FIGHTING/HUMAN,false
0542,LEAVANNY,UNCOMMON,2,3,3,12.5,IV,GRASS/BUG,false
0544,WHIRLIPEDE,ULTRA,5,2,3,12.5,IV,BUG/POISON/FIELD,false
0578,DUOSION,ULTRA,5,2,3,12.5,IV,PSYCHIC/AMORPHOUS,false
0625,BISHARP,ULTRA,5,2,3,12.5,IV,DARK/STEEL,false
0662,FLETCHINDER,ULTRA,5,2,3,12.5,IV,FLYING/FIRE,false
0671,FLORGES,UNCOMMON,2,3,3,12.5,IV,FAIRY/FLORA,false
0671-0001,FLORGES_YELLOW,UNCOMMON,2,3,3,12.5,IV,FAIRY/FLORA,true
0671-0002,FLORGES_ORANGE,UNCOMMON,2,3,3,12.5,IV,FAIRY/FLORA,true
0671-0003,FLORGES_BLUE,UNCOMMON,2,3,3,12.5,IV,FAIRY/FLORA,true
0671-0004,FLORGES_WHITE,UNCOMMON,2,3,3,12.5,IV,FAIRY/FLORA,true
0811,THWACKEY,ULTRA,5,2,3,12.5,IV,SOUND/GRASS,false
0817,DRIZZILE,ULTRA,5,2,3,12.5,IV,WATER/AQUATIC,false
0858,HATTERENE,UNCOMMON,2,3,3,12.5,IV,FAIRY/PSYCHIC,false
0914,QUAQUAVAL,UNCOMMON,2,3,3,12.5,IV,AQUATIC/FIGHTING/FLYING,false
0934,GARGANACL,UNCOMMON,2,3,3,12.5,IV,ROCK/GOURMET,false
0997,ARCTIBAX,ULTRA,5,2,3,12.5,IV,DRAGON/ICE,false
0555,DARMANITAN,EPIC,4,2,2,15.0,V,WILD/FIRE/PSYCHIC,false
0555-0001,DARMANITAN_ZEN,EPIC,4,2,2,15.0,V,WILD/FIRE/PSYCHIC,true
0745,LYCANROC_DAY,EPIC,4,2,2,15.0,V,WILD/ROCK/LIGHT,false
0745-0001,LYCANROC_NIGHT,EPIC,4,2,2,15.0,V,WILD/ROCK/DARK,true
0745-0002,LYCANROC_DUSK,EPIC,4,2,2,15.0,V,WILD/ROCK,true
0003,VENUSAUR,RARE,3,3,3,18.75,V,GRASS/POISON/FLORA,false
0065,ALAKAZAM,RARE,3,3,3,18.75,V,PSYCHIC/HUMAN,false
0160,FERALIGATR,RARE,3,3,3,18.75,V,WATER/MONSTER/AQUATIC,false
0248,TYRANITAR,RARE,3,3,3,18.75,V,DARK/MONSTER/ROCK,false
0257,BLAZIKEN,RARE,3,3,3,18.75,V,FIRE/FIGHTING/FLYING,false
0295,EXPLOUD,RARE,3,3,3,18.75,V,NORMAL/SOUND,false
0330,FLYGON,RARE,3,3,3,18.75,V,DRAGON/BUG/GROUND,false
0389,TORTERRA,RARE,3,3,3,18.75,V,GRASS/GROUND/MONSTER,false
0467,MAGMORTAR,RARE,3,3,3,18.75,V,FIRE/HUMAN,false
0468,TOGEKISS,RARE,3,3,3,18.75,V,FAIRY/NORMAL/FLYING,false
0584,VANILLUXE,RARE,3,3,3,18.75,V,ICE/AMORPHOUS/GOURMET,false
0635,HYDREIGON,RARE,3,3,3,18.75,V,DRAGON/DARK,false
0681,AEGISLASH,RARE,3,3,3,18.75,V,GHOST/STEEL/ARTIFICIAL,false
0681-0001,AEGISLASH_BLADE,RARE,3,3,3,18.75,V,GHOST/STEEL/ARTIFICIAL,true
0923,PAWMOT,RARE,3,3,3,18.75,V,ELECTRIC/FIGHTING,false
0149,DRAGONITE,EPIC,4,3,3,25.0,V,DRAGON/FLYING/AQUATIC,false
0267,BEAUTIFLY,EPIC,4,3,3,25.0,V,BUG/NORMAL/FLYING,false
0282,GARDEVOIR,EPIC,4,3,3,25.0,V,PSYCHIC/FAIRY/HUMAN,false
0376,METAGROSS,EPIC,4,3,3,25.0,V,PSYCHIC/STEEL/ARTIFICIAL,false
0407,ROSERADE,EPIC,4,3,3,25.0,V,GRASS/POISON/FLORA,false
0445,GARCHOMP,EPIC,4,3,3,25.0,V,DRAGON/GROUND/MONSTER,false
0466,ELECTIVIRE,EPIC,4,3,3,25.0,V,ELECTRIC/ARTIFICIAL/HUMAN,false
0475,GALLADE,EPIC,4,3,3,25.0,V,PSYCHIC/FIGHTING/HUMAN,false
0478,FROSLASS,EPIC,4,3,3,25.0,V,GHOST/ICE,false
0503,SAMUROTT,EPIC,4,3,3,25.0,V,WATER/FIELD/FIGHTING,false
0526,GIGALITH,EPIC,4,3,3,25.0,V,ROCK/LIGHT,false
0727,INCINEROAR,EPIC,4,3,3,25.0,V,FIRE/DARK/FIELD,false
0763,TSAREENA,EPIC,4,3,3,25.0,V,GRASS/FIGHTING/GOURMET,false
0911,SKELEDIRGE,EPIC,4,3,3,25.0,V,FIRE/SOUND/GHOST,false
0959,TINKATON,EPIC,4,3,3,25.0,V,STEEL/FAIRY,false
0979,ANNIHILAPE,EPIC,4,3,3,25.0,V,WILD/FIGHTING/GHOST,false
0094,GENGAR,ULTRA,5,3,3,31.25,V,GHOST/POISON/AMORPHOUS,false
0242,BLISSEY,ULTRA,5,3,3,31.25,V,NORMAL/FAIRY/GOURMET,false
0405,LUXRAY,ULTRA,5,3,3,31.25,V,ELECTRIC/FIELD/LIGHT,false
0464,RHYPERIOR,ULTRA,5,3,3,31.25,V,GROUND/MONSTER/ROCK,false
0474,PORYGON_Z,ULTRA,5,3,3,31.25,V,NORMAL/ARTIFICIAL,false
0534,CONKELDURR,ULTRA,5,3,3,31.25,V,FIGHTING/HUMAN,false
0545,SCOLIPEDE,ULTRA,5,3,3,31.25,V,BUG/POISON/FIELD,false
0579,REUNICLUS,ULTRA,5,3,3,31.25,V,PSYCHIC/AMORPHOUS,false
0663,TALONFLAME,ULTRA,5,3,3,31.25,V,FLYING/FIRE,false
0812,RILLABOOM,ULTRA,5,3,3,31.25,V,SOUND/GRASS,false
0818,INTELEON,ULTRA,5,3,3,31.25,V,WATER/AQUATIC,false
0901,URSALUNA,ULTRA,5,3,3,31.25,V,WILD/GROUND,false
0901-0001,URSALUNA_BLOODMOON,ULTRA,5,3,3,31.25,V,WILD/GROUND,false
0983,KINGAMBIT,ULTRA,5,3,3,31.25,V,DARK/STEEL,false
0998,BAXCALIBUR,ULTRA,5,3,3,31.25,V,DRAGON/ICE,false
